{
  "attributes": {
    "controlGroupInput": {
      "chainingSystem": "HIERARCHICAL",
      "controlStyle": "oneLine",
      "ignoreParentSettingsJSON": "{\"ignoreFilters\":false,\"ignoreQuery\":false,\"ignoreTimerange\":false,\"ignoreValidations\":false}",
      "panelsJSON": "{\"4919893a-0573-43dc-8cf1-568d13b4b12c\":{\"explicitInput\":{\"dataViewId\":\"logs-*\",\"exclude\":false,\"existsSelected\":false,\"fieldName\":\"job.job_run_id\",\"searchTechnique\":\"prefix\",\"selectedOptions\":[],\"sort\":{\"by\":\"_count\",\"direction\":\"desc\"},\"title\":\"Job Run ID\"},\"grow\":false,\"order\":2,\"type\":\"optionsListControl\",\"width\":\"medium\"},\"4b3b4173-b9f6-4222-87dc-4739ab2508c2\":{\"explicitInput\":{\"dataViewId\":\"logs-*\",\"exclude\":false,\"existsSelected\":false,\"fieldName\":\"job.run_name\",\"searchTechnique\":\"prefix\",\"selectedOptions\":[],\"sort\":{\"by\":\"_count\",\"direction\":\"desc\"},\"title\":\"Job Name\"},\"grow\":false,\"order\":0,\"type\":\"optionsListControl\",\"width\":\"medium\"},\"ef5e35f1-3e95-40f1-8127-3a241ff9574b\":{\"explicitInput\":{\"dataViewId\":\"logs-*\",\"exclude\":false,\"existsSelected\":false,\"fieldName\":\"databricks.cluster_id\",\"searchTechnique\":\"prefix\",\"selectedOptions\":[],\"sort\":{\"by\":\"_count\",\"direction\":\"desc\"},\"title\":\"Cluster ID\"},\"grow\":false,\"order\":3,\"type\":\"optionsListControl\",\"width\":\"medium\"},\"f340dcdf-5b83-4715-946b-7b839e07cdd8\":{\"explicitInput\":{\"dataViewId\":\"logs-*\",\"exclude\":false,\"existsSelected\":false,\"fieldName\":\"job.job_id\",\"searchTechnique\":\"prefix\",\"selectedOptions\":[],\"sort\":{\"by\":\"_count\",\"direction\":\"desc\"},\"title\":\"Job ID\"},\"grow\":false,\"order\":1,\"type\":\"optionsListControl\",\"width\":\"medium\"}}",
      "showApplySelections": false
    },
    "description": "",
    "kibanaSavedObjectMeta": {
      "searchSourceJSON": "{\"filter\":[{\"$state\":{\"store\":\"appState\"},\"meta\":{\"alias\":\"Job Runs\",\"disabled\":false,\"field\":\"data_stream.dataset\",\"index\":\"logs-*\",\"key\":\"data_stream.dataset\",\"negate\":false,\"params\":{\"query\":\"databricks.job_runs\"},\"type\":\"phrase\"},\"query\":{\"match_phrase\":{\"data_stream.dataset\":\"databricks.job_runs\"}}}],\"query\":{\"language\":\"kuery\",\"query\":\"\"}}"
    },
    "optionsJSON": "{\"hidePanelTitles\":false,\"syncColors\":false,\"syncCursor\":true,\"syncTooltips\":false,\"useMargins\":true}",
    "panelsJSON": "[{\"embeddableConfig\":{\"enhancements\":{\"dynamicActions\":{\"events\":[]}},\"hidePanelTitles\":true,\"savedVis\":{\"data\":{\"aggs\":[],\"searchSource\":{\"filter\":[],\"query\":{\"language\":\"kuery\",\"query\":\"\"}}},\"description\":\"\",\"params\":{\"axis_formatter\":\"number\",\"axis_position\":\"left\",\"axis_scale\":\"normal\",\"drop_last_bucket\":0,\"id\":\"1658718e-65d8-4556-bdee-7907e23c0448\",\"index_pattern_ref_name\":\"metrics_0_index_pattern\",\"interval\":\"\",\"isModelInvalid\":false,\"markdown\":\"![](https://cdn.bfldr.com/9AYANS2F/at/k8bgnnxhb4bggjk88r4x9snf/databricks-symbol-color.svg?auto=webp\\u0026format=svg)\",\"markdown_css\":\"display:block; \\nmargin:0 auto;\\nwidth: 55%; \\nalign: center;\",\"markdown_vertical_align\":\"middle\",\"max_lines_legend\":1,\"series\":[{\"axis_position\":\"right\",\"chart_type\":\"line\",\"color\":\"#68BC00\",\"fill\":0.5,\"formatter\":\"default\",\"id\":\"e3c6a8cc-4b24-4bc7-8f1a-f773669e92fb\",\"line_width\":1,\"metrics\":[{\"id\":\"3da311e5-6013-44d1-b6c4-47444509379c\",\"type\":\"count\"}],\"override_index_pattern\":0,\"palette\":{\"name\":\"default\",\"type\":\"palette\"},\"point_size\":1,\"separate_axis\":0,\"series_drop_last_bucket\":0,\"split_mode\":\"everything\",\"stacked\":\"none\",\"time_range_mode\":\"entire_time_range\"}],\"show_grid\":1,\"show_legend\":1,\"time_field\":\"\",\"time_range_mode\":\"entire_time_range\",\"tooltip_mode\":\"show_all\",\"truncate_legend\":1,\"type\":\"markdown\",\"use_kibana_indexes\":true},\"title\":\"Markdown - Databricks Logo\",\"type\":\"metrics\",\"uiState\":{}},\"title\":\"Markdown - Databricks Logo\"},\"gridData\":{\"h\":4,\"i\":\"f2a73354-667c-4d2f-a20e-763cbd6f3c71\",\"w\":4,\"x\":0,\"y\":0},\"panelIndex\":\"f2a73354-667c-4d2f-a20e-763cbd6f3c71\",\"type\":\"visualization\"},{\"embeddableConfig\":{\"enhancements\":{\"dynamicActions\":{\"events\":[]}},\"hidePanelTitles\":true,\"savedVis\":{\"data\":{\"aggs\":[],\"searchSource\":{\"filter\":[],\"query\":{\"language\":\"kuery\",\"query\":\"\"}}},\"description\":\"\",\"params\":{\"axis_formatter\":\"number\",\"axis_position\":\"left\",\"axis_scale\":\"normal\",\"background_color\":null,\"drop_last_bucket\":0,\"id\":\"dd7d5906-207d-467b-aa4b-ad932dc6fee3\",\"index_pattern_ref_name\":\"metrics_0_index_pattern\",\"interval\":\"\",\"isModelInvalid\":false,\"markdown\":\"# **Databricks Jobs Monitoring**\",\"markdown_css\":\"text-align: center;\",\"markdown_vertical_align\":\"middle\",\"max_lines_legend\":1,\"series\":[{\"axis_position\":\"right\",\"chart_type\":\"line\",\"color\":\"#68BC00\",\"fill\":0.5,\"formatter\":\"default\",\"id\":\"f0ff443c-77d8-4df5-b07e-6bb97f577c20\",\"line_width\":1,\"metrics\":[{\"id\":\"6eb48eca-b912-4587-bccd-0851fa2896fa\",\"type\":\"count\"}],\"override_index_pattern\":0,\"palette\":{\"name\":\"default\",\"type\":\"palette\"},\"point_size\":1,\"separate_axis\":0,\"series_drop_last_bucket\":0,\"split_mode\":\"everything\",\"stacked\":\"none\",\"time_range_mode\":\"entire_time_range\"}],\"show_grid\":1,\"show_legend\":1,\"time_field\":\"\",\"time_range_mode\":\"entire_time_range\",\"tooltip_mode\":\"show_all\",\"truncate_legend\":1,\"type\":\"markdown\",\"use_kibana_indexes\":true},\"title\":\"Markdown - Databricks Jobs Title\",\"type\":\"metrics\",\"uiState\":{}},\"title\":\"Markdown - Databricks Jobs Title\"},\"gridData\":{\"h\":4,\"i\":\"a52e539c-46f4-41bf-8e18-fd7ea664c681\",\"w\":44,\"x\":4,\"y\":0},\"panelIndex\":\"a52e539c-46f4-41bf-8e18-fd7ea664c681\",\"type\":\"visualization\"},{\"embeddableConfig\":{\"attributes\":{\"description\":\"\",\"id\":\"305d5cc6-4185-4493-946d-f2bdd461d918\",\"references\":[{\"id\":\"logs-*\",\"name\":\"indexpattern-datasource-layer-81cc5f43-d848-4db4-8cbc-384ab4c7d160\",\"type\":\"index-pattern\"}],\"state\":{\"adHocDataViews\":{},\"datasourceStates\":{\"formBased\":{\"currentIndexPatternId\":\"logs-*\",\"layers\":{\"81cc5f43-d848-4db4-8cbc-384ab4c7d160\":{\"columnOrder\":[\"ce2b4d9f-dffd-45c6-a670-160bb75c8415\",\"c9690688-fc39-4916-b2ea-aabb3433401b\",\"c3e8098b-4374-465c-a2ac-84e195f9f3da\"],\"columns\":{\"c3e8098b-4374-465c-a2ac-84e195f9f3da\":{\"customLabel\":true,\"dataType\":\"number\",\"isBucketed\":false,\"label\":\"Total of Runs\",\"operationType\":\"unique_count\",\"params\":{\"emptyAsNull\":false},\"sourceField\":\"job.job_run_id\"},\"c9690688-fc39-4916-b2ea-aabb3433401b\":{\"customLabel\":true,\"dataType\":\"date\",\"isBucketed\":true,\"label\":\"Job Runs\",\"operationType\":\"date_histogram\",\"params\":{\"dropPartials\":true,\"ignoreTimeRange\":false,\"includeEmptyRows\":true,\"interval\":\"auto\"},\"sourceField\":\"job.end_time\"},\"ce2b4d9f-dffd-45c6-a670-160bb75c8415\":{\"customLabel\":true,\"dataType\":\"string\",\"isBucketed\":true,\"label\":\"Status\",\"operationType\":\"terms\",\"params\":{\"exclude\":[],\"excludeIsRegex\":false,\"include\":[],\"includeIsRegex\":false,\"missingBucket\":false,\"orderBy\":{\"columnId\":\"c3e8098b-4374-465c-a2ac-84e195f9f3da\",\"type\":\"column\"},\"orderDirection\":\"desc\",\"otherBucket\":true,\"parentFormat\":{\"id\":\"terms\"},\"size\":3},\"sourceField\":\"job.state.result_state\"}},\"ignoreGlobalFilters\":false,\"incompleteColumns\":{},\"indexPatternId\":\"logs-*\",\"sampling\":1}}},\"indexpattern\":{\"currentIndexPatternId\":\"logs-*\",\"layers\":{}},\"textBased\":{\"indexPatternRefs\":[{\"id\":\"logs-*\",\"timeField\":\"@timestamp\",\"title\":\"logs-*\"}],\"layers\":{}}},\"filters\":[{\"$state\":{\"store\":\"appState\"},\"meta\":{\"alias\":\"Job Runs\",\"disabled\":false,\"field\":\"data_stream.dataset\",\"index\":\"0c685675-282e-440a-8ffa-b5ac960f7a27\",\"key\":\"data_stream.dataset\",\"negate\":false,\"params\":{\"query\":\"databricks.job_runs\"},\"type\":\"phrase\"},\"query\":{\"match_phrase\":{\"data_stream.dataset\":\"databricks.job_runs\"}}}],\"internalReferences\":[],\"query\":{\"language\":\"kuery\",\"query\":\"\"},\"visualization\":{\"layers\":[{\"accessors\":[\"c3e8098b-4374-465c-a2ac-84e195f9f3da\"],\"colorMapping\":{\"assignments\":[{\"color\":{\"colorIndex\":0,\"paletteId\":\"default\",\"type\":\"categorical\"},\"rules\":[{\"type\":\"raw\",\"value\":\"SUCCESS\"}],\"touched\":false},{\"color\":{\"colorIndex\":6,\"paletteId\":\"default\",\"type\":\"categorical\"},\"rules\":[{\"type\":\"raw\",\"value\":\"FAILED\"}],\"touched\":true},{\"color\":{\"colorIndex\":1,\"paletteId\":\"neutral\",\"type\":\"categorical\"},\"rules\":[{\"type\":\"raw\",\"value\":\"CANCELED\"}],\"touched\":true}],\"colorMode\":{\"type\":\"categorical\"},\"paletteId\":\"default\",\"specialAssignments\":[{\"color\":{\"type\":\"loop\"},\"rules\":[{\"type\":\"other\"}],\"touched\":false}]},\"layerId\":\"81cc5f43-d848-4db4-8cbc-384ab4c7d160\",\"layerType\":\"data\",\"position\":\"top\",\"seriesType\":\"bar_stacked\",\"showGridlines\":false,\"splitAccessor\":\"ce2b4d9f-dffd-45c6-a670-160bb75c8415\",\"xAccessor\":\"c9690688-fc39-4916-b2ea-aabb3433401b\"}],\"legend\":{\"isVisible\":true,\"position\":\"right\"},\"preferredSeriesType\":\"bar_stacked\",\"title\":\"Empty XY chart\",\"valueLabels\":\"hide\"}},\"title\":\"Bar - Job Runs\",\"version\":1,\"visualizationType\":\"lnsXY\"},\"enhancements\":{\"dynamicActions\":{\"events\":[]}},\"filters\":[{\"$state\":{\"store\":\"appState\"},\"meta\":{\"alias\":\"Job Runs\",\"disabled\":false,\"field\":\"data_stream.dataset\",\"index\":\"0c685675-282e-440a-8ffa-b5ac960f7a27\",\"key\":\"data_stream.dataset\",\"negate\":false,\"params\":{\"query\":\"databricks.job_runs\"},\"type\":\"phrase\"},\"query\":{\"match_phrase\":{\"data_stream.dataset\":\"databricks.job_runs\"}}}],\"hidePanelTitles\":true,\"query\":{\"language\":\"kuery\",\"query\":\"\"},\"syncColors\":false,\"syncCursor\":true,\"syncTooltips\":false,\"title\":\"Bar - Job Runs\"},\"gridData\":{\"h\":10,\"i\":\"cbbe8e60-118c-4033-8c19-948d5402082d\",\"w\":38,\"x\":10,\"y\":4},\"panelIndex\":\"cbbe8e60-118c-4033-8c19-948d5402082d\",\"type\":\"lens\"},{\"embeddableConfig\":{\"attributes\":{\"description\":\"\",\"id\":\"a9486c01-0e1d-4645-85cd-1cdb5f07881c\",\"references\":[{\"id\":\"logs-*\",\"name\":\"indexpattern-datasource-layer-f0014e57-4412-48db-b644-17ff8dcc495c\",\"type\":\"index-pattern\"}],\"state\":{\"adHocDataViews\":{},\"datasourceStates\":{\"formBased\":{\"currentIndexPatternId\":\"logs-*\",\"layers\":{\"f0014e57-4412-48db-b644-17ff8dcc495c\":{\"columnOrder\":[\"11bcb88b-a257-4b78-a388-dded983975a9\"],\"columns\":{\"11bcb88b-a257-4b78-a388-dded983975a9\":{\"customLabel\":true,\"dataType\":\"number\",\"filter\":{\"language\":\"kuery\",\"query\":\"job.state.result_state : \\\"SUCCESS\\\" \"},\"isBucketed\":false,\"label\":\" Success Runs\",\"operationType\":\"unique_count\",\"params\":{\"emptyAsNull\":false},\"sourceField\":\"job.job_run_id\"}},\"ignoreGlobalFilters\":false,\"incompleteColumns\":{},\"indexPatternId\":\"logs-*\",\"sampling\":1}}},\"indexpattern\":{\"currentIndexPatternId\":\"logs-*\",\"layers\":{}},\"textBased\":{\"indexPatternRefs\":[{\"id\":\"logs-*\",\"timeField\":\"@timestamp\",\"title\":\"logs-*\"}],\"layers\":{}}},\"filters\":[{\"$state\":{\"store\":\"appState\"},\"meta\":{\"alias\":\"Job Runs\",\"disabled\":false,\"field\":\"data_stream.dataset\",\"index\":\"80f855a7-f125-4f78-86f9-3602ca2194c7\",\"key\":\"data_stream.dataset\",\"negate\":false,\"params\":{\"query\":\"databricks.job_runs\"},\"type\":\"phrase\"},\"query\":{\"match_phrase\":{\"data_stream.dataset\":\"databricks.job_runs\"}}}],\"internalReferences\":[],\"query\":{\"language\":\"kuery\",\"query\":\"\"},\"visualization\":{\"color\":\"#0d852f\",\"layerId\":\"f0014e57-4412-48db-b644-17ff8dcc495c\",\"layerType\":\"data\",\"metricAccessor\":\"11bcb88b-a257-4b78-a388-dded983975a9\",\"secondaryTrend\":{\"type\":\"none\"}}},\"title\":\"Metrics - Success Runs\",\"version\":1,\"visualizationType\":\"lnsMetric\"},\"enhancements\":{\"dynamicActions\":{\"events\":[]}},\"filters\":[{\"$state\":{\"store\":\"appState\"},\"meta\":{\"alias\":\"Job Runs\",\"disabled\":false,\"field\":\"data_stream.dataset\",\"index\":\"80f855a7-f125-4f78-86f9-3602ca2194c7\",\"key\":\"data_stream.dataset\",\"negate\":false,\"params\":{\"query\":\"databricks.job_runs\"},\"type\":\"phrase\"},\"query\":{\"match_phrase\":{\"data_stream.dataset\":\"databricks.job_runs\"}}}],\"hidePanelTitles\":true,\"query\":{\"language\":\"kuery\",\"query\":\"\"},\"syncColors\":false,\"syncCursor\":true,\"syncTooltips\":false,\"title\":\"Metrics - Success Runs\"},\"gridData\":{\"h\":5,\"i\":\"703525e1-b42e-4e2c-a16e-0b733ac2dfbe\",\"w\":5,\"x\":5,\"y\":4},\"panelIndex\":\"703525e1-b42e-4e2c-a16e-0b733ac2dfbe\",\"type\":\"lens\"},{\"embeddableConfig\":{\"attributes\":{\"description\":\"\",\"id\":\"41a4af5b-0aa7-479b-b72e-d3455d73a990\",\"references\":[{\"id\":\"logs-*\",\"name\":\"indexpattern-datasource-layer-b8fb2e35-eda1-4df5-874d-71c39515b8da\",\"type\":\"index-pattern\"},{\"id\":\"logs-*\",\"name\":\"ceb31745-311a-4053-8c40-566053b3cab2\",\"type\":\"index-pattern\"}],\"state\":{\"adHocDataViews\":{},\"datasourceStates\":{\"formBased\":{\"layers\":{\"b8fb2e35-eda1-4df5-874d-71c39515b8da\":{\"columnOrder\":[\"f8aa5e8a-337d-4778-8700-d1062bd72258\"],\"columns\":{\"f8aa5e8a-337d-4778-8700-d1062bd72258\":{\"customLabel\":true,\"dataType\":\"number\",\"isBucketed\":false,\"label\":\"Total Runs\",\"operationType\":\"unique_count\",\"params\":{\"emptyAsNull\":false},\"sourceField\":\"job.job_run_id\"}},\"ignoreGlobalFilters\":false,\"incompleteColumns\":{},\"sampling\":1}}},\"indexpattern\":{\"layers\":{}},\"textBased\":{\"layers\":{}}},\"filters\":[{\"$state\":{\"store\":\"appState\"},\"meta\":{\"alias\":\"Job Runs\",\"disabled\":false,\"index\":\"ceb31745-311a-4053-8c40-566053b3cab2\",\"negate\":false,\"params\":[{\"meta\":{\"disabled\":false,\"field\":\"data_stream.dataset\",\"index\":\"logs-*\",\"key\":\"data_stream.dataset\",\"negate\":false,\"params\":{\"query\":\"databricks.job_runs\"},\"type\":\"phrase\"},\"query\":{\"match_phrase\":{\"data_stream.dataset\":\"databricks.job_runs\"}}},{\"meta\":{\"disabled\":false,\"field\":\"job.status.state\",\"index\":\"logs-*\",\"key\":\"job.status.state\",\"negate\":false,\"params\":{\"query\":\"TERMINATED\"},\"type\":\"phrase\"},\"query\":{\"match_phrase\":{\"job.status.state\":\"TERMINATED\"}}}],\"relation\":\"AND\",\"type\":\"combined\"},\"query\":{}}],\"internalReferences\":[],\"query\":{\"language\":\"kuery\",\"query\":\"\"},\"visualization\":{\"color\":\"#FFFFFF\",\"layerId\":\"b8fb2e35-eda1-4df5-874d-71c39515b8da\",\"layerType\":\"data\",\"metricAccessor\":\"f8aa5e8a-337d-4778-8700-d1062bd72258\",\"secondaryTrend\":{\"type\":\"none\"},\"showBar\":false}},\"title\":\"Metrics - Total Runs\",\"version\":1,\"visualizationType\":\"lnsMetric\"},\"enhancements\":{\"dynamicActions\":{\"events\":[]}},\"filters\":[{\"$state\":{\"store\":\"appState\"},\"meta\":{\"alias\":\"Job Runs\",\"disabled\":false,\"index\":\"ceb31745-311a-4053-8c40-566053b3cab2\",\"negate\":false,\"params\":[{\"meta\":{\"disabled\":false,\"field\":\"data_stream.dataset\",\"index\":\"logs-*\",\"key\":\"data_stream.dataset\",\"negate\":false,\"params\":{\"query\":\"databricks.job_runs\"},\"type\":\"phrase\"},\"query\":{\"match_phrase\":{\"data_stream.dataset\":\"databricks.job_runs\"}}},{\"meta\":{\"disabled\":false,\"field\":\"job.status.state\",\"index\":\"logs-*\",\"key\":\"job.status.state\",\"negate\":false,\"params\":{\"query\":\"TERMINATED\"},\"type\":\"phrase\"},\"query\":{\"match_phrase\":{\"job.status.state\":\"TERMINATED\"}}}],\"relation\":\"AND\",\"type\":\"combined\"},\"query\":{}}],\"hidePanelTitles\":true,\"query\":{\"language\":\"kuery\",\"query\":\"\"},\"syncColors\":false,\"syncCursor\":true,\"syncTooltips\":false,\"title\":\"Metrics - Total Runs\"},\"gridData\":{\"h\":5,\"i\":\"6d6a695a-33a5-44ed-8ba9-1826edbcc88a\",\"w\":5,\"x\":0,\"y\":4},\"panelIndex\":\"6d6a695a-33a5-44ed-8ba9-1826edbcc88a\",\"type\":\"lens\"},{\"embeddableConfig\":{\"attributes\":{\"description\":\"\",\"id\":\"2f28af74-4b80-45d7-804b-21b207cd3b91\",\"references\":[{\"id\":\"logs-*\",\"name\":\"indexpattern-datasource-layer-368c76b5-e4d4-409b-8ae0-e7eb8c786054\",\"type\":\"index-pattern\"},{\"id\":\"logs-*\",\"name\":\"17c43ce2-a677-45d7-be23-621a7b0a4ae7\",\"type\":\"index-pattern\"}],\"state\":{\"adHocDataViews\":{},\"datasourceStates\":{\"formBased\":{\"layers\":{\"368c76b5-e4d4-409b-8ae0-e7eb8c786054\":{\"columnOrder\":[\"11f0a5f7-d109-465a-a11d-07dfa9251883\"],\"columns\":{\"11f0a5f7-d109-465a-a11d-07dfa9251883\":{\"customLabel\":true,\"dataType\":\"number\",\"filter\":{\"language\":\"kuery\",\"query\":\"job.state.result_state : \\\"CANCELED\\\"\"},\"isBucketed\":false,\"label\":\"Canceled Runs\",\"operationType\":\"unique_count\",\"params\":{\"emptyAsNull\":false},\"sourceField\":\"job.job_run_id\"}},\"ignoreGlobalFilters\":false,\"incompleteColumns\":{},\"sampling\":1}}},\"indexpattern\":{\"layers\":{}},\"textBased\":{\"layers\":{}}},\"filters\":[{\"$state\":{\"store\":\"appState\"},\"meta\":{\"alias\":\"Job Runs\",\"disabled\":false,\"field\":\"data_stream.dataset\",\"index\":\"17c43ce2-a677-45d7-be23-621a7b0a4ae7\",\"key\":\"data_stream.dataset\",\"negate\":false,\"params\":{\"query\":\"databricks.job_runs\"},\"type\":\"phrase\"},\"query\":{\"match_phrase\":{\"data_stream.dataset\":\"databricks.job_runs\"}}}],\"internalReferences\":[],\"query\":{\"language\":\"kuery\",\"query\":\"\"},\"visualization\":{\"color\":\"#777474\",\"layerId\":\"368c76b5-e4d4-409b-8ae0-e7eb8c786054\",\"layerType\":\"data\",\"metricAccessor\":\"11f0a5f7-d109-465a-a11d-07dfa9251883\",\"secondaryTrend\":{\"type\":\"none\"}}},\"title\":\"Metrics - Canceled Runs\",\"version\":1,\"visualizationType\":\"lnsMetric\"},\"enhancements\":{\"dynamicActions\":{\"events\":[]}},\"filters\":[{\"$state\":{\"store\":\"appState\"},\"meta\":{\"alias\":\"Job Runs\",\"disabled\":false,\"field\":\"data_stream.dataset\",\"index\":\"17c43ce2-a677-45d7-be23-621a7b0a4ae7\",\"key\":\"data_stream.dataset\",\"negate\":false,\"params\":{\"query\":\"databricks.job_runs\"},\"type\":\"phrase\"},\"query\":{\"match_phrase\":{\"data_stream.dataset\":\"databricks.job_runs\"}}}],\"hidePanelTitles\":true,\"query\":{\"language\":\"kuery\",\"query\":\"\"},\"syncColors\":false,\"syncCursor\":true,\"syncTooltips\":false,\"title\":\"Metrics - Canceled Runs\"},\"gridData\":{\"h\":5,\"i\":\"c71e4457-1132-4309-84ea-71658e0d74e0\",\"w\":5,\"x\":0,\"y\":9},\"panelIndex\":\"c71e4457-1132-4309-84ea-71658e0d74e0\",\"type\":\"lens\"},{\"embeddableConfig\":{\"attributes\":{\"description\":\"\",\"id\":\"630d523d-e064-4da5-b627-f175ea2f1f5c\",\"references\":[{\"id\":\"logs-*\",\"name\":\"indexpattern-datasource-layer-3a727644-5e1e-4b60-ad9f-c3b554e0670a\",\"type\":\"index-pattern\"},{\"id\":\"logs-*\",\"name\":\"d6fe6385-0246-4dd9-9877-9d0911b77b25\",\"type\":\"index-pattern\"}],\"state\":{\"adHocDataViews\":{},\"datasourceStates\":{\"formBased\":{\"layers\":{\"3a727644-5e1e-4b60-ad9f-c3b554e0670a\":{\"columnOrder\":[\"7b7af5e4-9ec2-4b73-8753-35fb7d7a10b7\"],\"columns\":{\"7b7af5e4-9ec2-4b73-8753-35fb7d7a10b7\":{\"customLabel\":true,\"dataType\":\"number\",\"filter\":{\"language\":\"kuery\",\"query\":\"job.state.result_state : \\\"FAILED\\\"\"},\"isBucketed\":false,\"label\":\" Failed Runs\",\"operationType\":\"unique_count\",\"params\":{\"emptyAsNull\":false},\"sourceField\":\"job.job_run_id\"}},\"ignoreGlobalFilters\":false,\"incompleteColumns\":{},\"sampling\":1}}},\"indexpattern\":{\"layers\":{}},\"textBased\":{\"layers\":{}}},\"filters\":[{\"$state\":{\"store\":\"appState\"},\"meta\":{\"alias\":\"Job Runs\",\"disabled\":false,\"field\":\"data_stream.dataset\",\"index\":\"d6fe6385-0246-4dd9-9877-9d0911b77b25\",\"key\":\"data_stream.dataset\",\"negate\":false,\"params\":{\"query\":\"databricks.job_runs\"},\"type\":\"phrase\"},\"query\":{\"match_phrase\":{\"data_stream.dataset\":\"databricks.job_runs\"}}}],\"internalReferences\":[],\"query\":{\"language\":\"kuery\",\"query\":\"\"},\"visualization\":{\"color\":\"#bf0b0b\",\"layerId\":\"3a727644-5e1e-4b60-ad9f-c3b554e0670a\",\"layerType\":\"data\",\"metricAccessor\":\"7b7af5e4-9ec2-4b73-8753-35fb7d7a10b7\",\"secondaryTrend\":{\"type\":\"none\"}}},\"title\":\"Metrics - Failed Runs\",\"version\":1,\"visualizationType\":\"lnsMetric\"},\"enhancements\":{\"dynamicActions\":{\"events\":[]}},\"filters\":[{\"$state\":{\"store\":\"appState\"},\"meta\":{\"alias\":\"Job Runs\",\"disabled\":false,\"field\":\"data_stream.dataset\",\"index\":\"d6fe6385-0246-4dd9-9877-9d0911b77b25\",\"key\":\"data_stream.dataset\",\"negate\":false,\"params\":{\"query\":\"databricks.job_runs\"},\"type\":\"phrase\"},\"query\":{\"match_phrase\":{\"data_stream.dataset\":\"databricks.job_runs\"}}}],\"hidePanelTitles\":true,\"query\":{\"language\":\"kuery\",\"query\":\"\"},\"syncColors\":false,\"syncCursor\":true,\"syncTooltips\":false,\"title\":\"Metrics - Failed Runs\"},\"gridData\":{\"h\":5,\"i\":\"9ae01966-6a5f-4676-ac9f-2315e2f11944\",\"w\":5,\"x\":5,\"y\":9},\"panelIndex\":\"9ae01966-6a5f-4676-ac9f-2315e2f11944\",\"type\":\"lens\"},{\"embeddableConfig\":{\"attributes\":{\"description\":\"\",\"id\":\"f488cfcd-aceb-4d96-a99e-b0a355715ce5\",\"references\":[{\"id\":\"logs-*\",\"name\":\"indexpattern-datasource-layer-eeff2cd1-e2f5-4c95-9117-0c8ba6828233\",\"type\":\"index-pattern\"}],\"state\":{\"adHocDataViews\":{},\"datasourceStates\":{\"formBased\":{\"currentIndexPatternId\":\"logs-*\",\"layers\":{\"eeff2cd1-e2f5-4c95-9117-0c8ba6828233\":{\"columnOrder\":[\"adc9df91-890f-4343-a993-10d4b12661c5\",\"b8e1c595-b4e1-402f-af46-993ae48126b8\",\"eaeeca8e-daee-4188-b14e-28e4d8ae0511\",\"91a5b0f1-fda1-472b-92f9-4a4751b8609a\",\"c0ec44cf-43f9-46b8-9f60-824982de05bc\",\"c0524b24-3780-452b-b536-3fafc17abd54\",\"cd01fdce-2686-4312-ac2b-e4e63c3a86ea\",\"7b9716a8-07b3-4128-9c25-c7e18c77622f\",\"66eed271-8221-4abe-a8da-5b9cac92ec29\"],\"columns\":{\"66eed271-8221-4abe-a8da-5b9cac92ec29\":{\"customLabel\":true,\"dataType\":\"string\",\"filter\":{\"language\":\"kuery\",\"query\":\"\\\"job.state.result_state\\\": *\"},\"isBucketed\":false,\"label\":\"Status\",\"operationType\":\"last_value\",\"params\":{\"sortField\":\"@timestamp\"},\"sourceField\":\"job.state.result_state\"},\"7b9716a8-07b3-4128-9c25-c7e18c77622f\":{\"customLabel\":true,\"dataType\":\"string\",\"filter\":{\"language\":\"kuery\",\"query\":\"\\\"job.status.termination_details.code\\\": *\"},\"isBucketed\":false,\"label\":\"Detail Code\",\"operationType\":\"last_value\",\"params\":{\"sortField\":\"@timestamp\"},\"sourceField\":\"job.status.termination_details.code\"},\"91a5b0f1-fda1-472b-92f9-4a4751b8609a\":{\"customLabel\":true,\"dataType\":\"string\",\"isBucketed\":true,\"label\":\"Owner\",\"operationType\":\"terms\",\"params\":{\"exclude\":[],\"excludeIsRegex\":false,\"include\":[],\"includeIsRegex\":false,\"missingBucket\":false,\"orderBy\":{\"columnId\":\"c0524b24-3780-452b-b536-3fafc17abd54\",\"type\":\"column\"},\"orderDirection\":\"desc\",\"otherBucket\":true,\"parentFormat\":{\"id\":\"terms\"},\"size\":50},\"sourceField\":\"job.creator_user_name\"},\"adc9df91-890f-4343-a993-10d4b12661c5\":{\"customLabel\":true,\"dataType\":\"string\",\"isBucketed\":true,\"label\":\"Job Name\",\"operationType\":\"terms\",\"params\":{\"exclude\":[],\"excludeIsRegex\":false,\"include\":[],\"includeIsRegex\":false,\"missingBucket\":false,\"orderBy\":{\"columnId\":\"c0524b24-3780-452b-b536-3fafc17abd54\",\"type\":\"column\"},\"orderDirection\":\"desc\",\"otherBucket\":true,\"parentFormat\":{\"id\":\"terms\"},\"size\":50},\"sourceField\":\"job.run_name\"},\"b8e1c595-b4e1-402f-af46-993ae48126b8\":{\"customLabel\":true,\"dataType\":\"string\",\"isBucketed\":true,\"label\":\"Run ID\",\"operationType\":\"terms\",\"params\":{\"exclude\":[],\"excludeIsRegex\":false,\"include\":[],\"includeIsRegex\":false,\"missingBucket\":false,\"orderBy\":{\"columnId\":\"c0524b24-3780-452b-b536-3fafc17abd54\",\"type\":\"column\"},\"orderDirection\":\"desc\",\"otherBucket\":true,\"parentFormat\":{\"id\":\"terms\"},\"secondaryFields\":[],\"size\":50},\"sourceField\":\"job.job_run_id\"},\"c0524b24-3780-452b-b536-3fafc17abd54\":{\"customLabel\":true,\"dataType\":\"date\",\"filter\":{\"language\":\"kuery\",\"query\":\"\\\"job.start_time\\\": *\"},\"isBucketed\":false,\"label\":\"Start Time\",\"operationType\":\"last_value\",\"params\":{\"sortField\":\"@timestamp\"},\"sourceField\":\"job.start_time\"},\"c0ec44cf-43f9-46b8-9f60-824982de05bc\":{\"customLabel\":true,\"dataType\":\"string\",\"isBucketed\":true,\"label\":\"Cluster ID\",\"operationType\":\"terms\",\"params\":{\"exclude\":[],\"excludeIsRegex\":false,\"include\":[],\"includeIsRegex\":false,\"missingBucket\":true,\"orderBy\":{\"columnId\":\"c0524b24-3780-452b-b536-3fafc17abd54\",\"type\":\"column\"},\"orderDirection\":\"desc\",\"otherBucket\":true,\"parentFormat\":{\"id\":\"terms\"},\"size\":50},\"sourceField\":\"databricks.cluster_id\"},\"cd01fdce-2686-4312-ac2b-e4e63c3a86ea\":{\"customLabel\":true,\"dataType\":\"date\",\"filter\":{\"language\":\"kuery\",\"query\":\"\\\"job.end_time\\\": *\"},\"isBucketed\":false,\"label\":\"End Time\",\"operationType\":\"last_value\",\"params\":{\"sortField\":\"@timestamp\"},\"sourceField\":\"job.end_time\"},\"eaeeca8e-daee-4188-b14e-28e4d8ae0511\":{\"customLabel\":true,\"dataType\":\"number\",\"isBucketed\":true,\"label\":\"Duration\",\"operationType\":\"terms\",\"params\":{\"exclude\":[],\"excludeIsRegex\":false,\"format\":{\"id\":\"duration\",\"params\":{\"decimals\":0,\"fromUnit\":\"milliseconds\",\"toUnit\":\"humanizePrecise\"}},\"include\":[],\"includeIsRegex\":false,\"missingBucket\":false,\"orderBy\":{\"columnId\":\"c0524b24-3780-452b-b536-3fafc17abd54\",\"type\":\"column\"},\"orderDirection\":\"desc\",\"otherBucket\":true,\"parentFormat\":{\"id\":\"terms\"},\"secondaryFields\":[],\"size\":50},\"sourceField\":\"job.run_duration\"}},\"ignoreGlobalFilters\":false,\"incompleteColumns\":{},\"indexPatternId\":\"logs-*\",\"sampling\":1}}},\"indexpattern\":{\"currentIndexPatternId\":\"logs-*\",\"layers\":{}},\"textBased\":{\"indexPatternRefs\":[{\"id\":\"logs-*\",\"timeField\":\"@timestamp\",\"title\":\"logs-*\"}],\"layers\":{}}},\"filters\":[{\"$state\":{\"store\":\"appState\"},\"meta\":{\"alias\":\"Job Runs\",\"disabled\":false,\"index\":\"3c6a6378-f783-4171-b21f-d818fa4bd564\",\"negate\":false,\"params\":[{\"meta\":{\"disabled\":false,\"field\":\"data_stream.dataset\",\"index\":\"logs-*\",\"key\":\"data_stream.dataset\",\"negate\":false,\"params\":{\"query\":\"databricks.job_runs\"},\"type\":\"phrase\"},\"query\":{\"match_phrase\":{\"data_stream.dataset\":\"databricks.job_runs\"}}},{\"meta\":{\"disabled\":false,\"field\":\"job.status.state\",\"index\":\"logs-*\",\"key\":\"job.status.state\",\"negate\":false,\"params\":{\"query\":\"TERMINATED\"},\"type\":\"phrase\"},\"query\":{\"match_phrase\":{\"job.status.state\":\"TERMINATED\"}}}],\"relation\":\"AND\",\"type\":\"combined\"},\"query\":{}}],\"internalReferences\":[],\"query\":{\"language\":\"kuery\",\"query\":\"\"},\"visualization\":{\"columns\":[{\"columnId\":\"adc9df91-890f-4343-a993-10d4b12661c5\",\"isMetric\":false,\"isTransposed\":false,\"width\":143.58333333333331},{\"columnId\":\"b8e1c595-b4e1-402f-af46-993ae48126b8\",\"isMetric\":false,\"isTransposed\":false,\"width\":148.58333333333334},{\"columnId\":\"eaeeca8e-daee-4188-b14e-28e4d8ae0511\",\"isMetric\":false,\"isTransposed\":false,\"width\":124.25},{\"columnId\":\"c0524b24-3780-452b-b536-3fafc17abd54\",\"isMetric\":true,\"isTransposed\":false,\"width\":233.58333333333337},{\"columnId\":\"cd01fdce-2686-4312-ac2b-e4e63c3a86ea\",\"isMetric\":true,\"isTransposed\":false,\"width\":255},{\"columnId\":\"c0ec44cf-43f9-46b8-9f60-824982de05bc\",\"isMetric\":false,\"isTransposed\":false,\"width\":189},{\"columnId\":\"91a5b0f1-fda1-472b-92f9-4a4751b8609a\",\"isMetric\":false,\"isTransposed\":false,\"width\":242},{\"columnId\":\"7b9716a8-07b3-4128-9c25-c7e18c77622f\",\"isMetric\":true,\"isTransposed\":false},{\"colorMapping\":{\"assignments\":[{\"color\":{\"colorIndex\":0,\"paletteId\":\"default\",\"type\":\"categorical\"},\"rules\":[{\"type\":\"raw\",\"value\":\"SUCCESS\"}],\"touched\":false},{\"color\":{\"colorIndex\":6,\"paletteId\":\"default\",\"type\":\"categorical\"},\"rules\":[{\"matchCase\":true,\"matchEntireWord\":true,\"pattern\":\"FAILED\",\"type\":\"match\"}],\"touched\":true},{\"color\":{\"colorIndex\":1,\"paletteId\":\"neutral\",\"type\":\"categorical\"},\"rules\":[{\"matchCase\":true,\"matchEntireWord\":true,\"pattern\":\"CANCELED\",\"type\":\"match\"}],\"touched\":true}],\"colorMode\":{\"type\":\"categorical\"},\"paletteId\":\"default\",\"specialAssignments\":[{\"color\":{\"type\":\"loop\"},\"rules\":[{\"type\":\"other\"}],\"touched\":false}]},\"colorMode\":\"cell\",\"columnId\":\"66eed271-8221-4abe-a8da-5b9cac92ec29\",\"isMetric\":true,\"isTransposed\":false,\"palette\":{\"name\":\"default\",\"params\":{\"stops\":[{\"color\":\"#16c5c0\",\"stop\":20},{\"color\":\"#a6edea\",\"stop\":40},{\"color\":\"#61a2ff\",\"stop\":60},{\"color\":\"#bfdbff\",\"stop\":80},{\"color\":\"#ee72a6\",\"stop\":100}]},\"type\":\"palette\"}}],\"layerId\":\"eeff2cd1-e2f5-4c95-9117-0c8ba6828233\",\"layerType\":\"data\"}},\"title\":\"Table - Job Runs\",\"version\":1,\"visualizationType\":\"lnsDatatable\"},\"enhancements\":{\"dynamicActions\":{\"events\":[]}},\"filters\":[{\"$state\":{\"store\":\"appState\"},\"meta\":{\"alias\":\"Job Runs\",\"disabled\":false,\"index\":\"3c6a6378-f783-4171-b21f-d818fa4bd564\",\"negate\":false,\"params\":[{\"meta\":{\"disabled\":false,\"field\":\"data_stream.dataset\",\"index\":\"logs-*\",\"key\":\"data_stream.dataset\",\"negate\":false,\"params\":{\"query\":\"databricks.job_runs\"},\"type\":\"phrase\"},\"query\":{\"match_phrase\":{\"data_stream.dataset\":\"databricks.job_runs\"}}},{\"meta\":{\"disabled\":false,\"field\":\"job.status.state\",\"index\":\"logs-*\",\"key\":\"job.status.state\",\"negate\":false,\"params\":{\"query\":\"TERMINATED\"},\"type\":\"phrase\"},\"query\":{\"match_phrase\":{\"job.status.state\":\"TERMINATED\"}}}],\"relation\":\"AND\",\"type\":\"combined\"},\"query\":{}}],\"hidePanelTitles\":true,\"query\":{\"language\":\"kuery\",\"query\":\"\"},\"syncColors\":false,\"syncCursor\":true,\"syncTooltips\":false,\"title\":\"Table - Job Runs\"},\"gridData\":{\"h\":13,\"i\":\"b7ead50f-e11c-4ca0-ac70-bfe2d057f8f4\",\"w\":48,\"x\":0,\"y\":14},\"panelIndex\":\"b7ead50f-e11c-4ca0-ac70-bfe2d057f8f4\",\"type\":\"lens\"}]",
    "timeRestore": false,
    "title": "Databricks - Jobs Monitoring",
    "version": 1
  },
  "coreMigrationVersion": "8.8.0",
  "created_at": "2025-11-23T02:16:16.238Z",
  "created_by": "u_mGBROF_q5bmFCATbLXAcCwKa0k8JvONAwSruelyKA5E_0",
  "id": "databricks-8a5771bf-020b-4000-b798-4e8231849680",
  "references": [
    {
      "id": "databricks-75211979-677e-4267-84c3-5d5073befd7d",
      "name": "tag-ref-75211979-677e-4267-84c3-5d5073befd7d",
      "type": "tag"
    },
    {
      "id": "logs-*",
      "name": "cbbe8e60-118c-4033-8c19-948d5402082d:indexpattern-datasource-layer-81cc5f43-d848-4db4-8cbc-384ab4c7d160",
      "type": "index-pattern"
    },
    {
      "id": "logs-*",
      "name": "703525e1-b42e-4e2c-a16e-0b733ac2dfbe:indexpattern-datasource-layer-f0014e57-4412-48db-b644-17ff8dcc495c",
      "type": "index-pattern"
    },
    {
      "id": "logs-*",
      "name": "6d6a695a-33a5-44ed-8ba9-1826edbcc88a:indexpattern-datasource-layer-b8fb2e35-eda1-4df5-874d-71c39515b8da",
      "type": "index-pattern"
    },
    {
      "id": "logs-*",
      "name": "6d6a695a-33a5-44ed-8ba9-1826edbcc88a:ceb31745-311a-4053-8c40-566053b3cab2",
      "type": "index-pattern"
    },
    {
      "id": "logs-*",
      "name": "c71e4457-1132-4309-84ea-71658e0d74e0:indexpattern-datasource-layer-368c76b5-e4d4-409b-8ae0-e7eb8c786054",
      "type": "index-pattern"
    },
    {
      "id": "logs-*",
      "name": "c71e4457-1132-4309-84ea-71658e0d74e0:17c43ce2-a677-45d7-be23-621a7b0a4ae7",
      "type": "index-pattern"
    },
    {
      "id": "logs-*",
      "name": "9ae01966-6a5f-4676-ac9f-2315e2f11944:indexpattern-datasource-layer-3a727644-5e1e-4b60-ad9f-c3b554e0670a",
      "type": "index-pattern"
    },
    {
      "id": "logs-*",
      "name": "9ae01966-6a5f-4676-ac9f-2315e2f11944:d6fe6385-0246-4dd9-9877-9d0911b77b25",
      "type": "index-pattern"
    },
    {
      "id": "logs-*",
      "name": "b7ead50f-e11c-4ca0-ac70-bfe2d057f8f4:indexpattern-datasource-layer-eeff2cd1-e2f5-4c95-9117-0c8ba6828233",
      "type": "index-pattern"
    },
    {
      "id": "logs-*",
      "name": "controlGroup_4b3b4173-b9f6-4222-87dc-4739ab2508c2:optionsListDataView",
      "type": "index-pattern"
    },
    {
      "id": "logs-*",
      "name": "controlGroup_f340dcdf-5b83-4715-946b-7b839e07cdd8:optionsListDataView",
      "type": "index-pattern"
    },
    {
      "id": "logs-*",
      "name": "controlGroup_4919893a-0573-43dc-8cf1-568d13b4b12c:optionsListDataView",
      "type": "index-pattern"
    },
    {
      "id": "logs-*",
      "name": "controlGroup_ef5e35f1-3e95-40f1-8127-3a241ff9574b:optionsListDataView",
      "type": "index-pattern"
    },
    {
      "id": "logs-*",
      "name": "f2a73354-667c-4d2f-a20e-763cbd6f3c71:metrics_0_index_pattern",
      "type": "index-pattern"
    },
    {
      "id": "logs-*",
      "name": "a52e539c-46f4-41bf-8e18-fd7ea664c681:metrics_0_index_pattern",
      "type": "index-pattern"
    }
  ],
  "type": "dashboard",
  "typeMigrationVersion": "10.3.0",
  "updated_by": "u_mGBROF_q5bmFCATbLXAcCwKa0k8JvONAwSruelyKA5E_0"
}